Month,Container Tons,Auto Tons,Ro/Ro Tons (excl. autos),Forest Products (Break Bulk),Steel & other metals Break Bulk Tons,other Break Bulk Tons,Total General Cargo Tons,Import Loaded TEUs,Export Loaded TEUs,Total Loaded TEUs,Import Empty TEUs,Export Empty TEUs,Total Empty TEUs,Total TEUs,Total Containers,Import Auto Units,Export Auto Units,Total Auto UNITS,Import Ro/Ro Tons,Export Ro/Ro Tons
Jan 1998,"360,095","18,386","32,967","54,189","15,705","27,515","508,857","16,051","17,418","33,469","3,199","1,436","4,635","38,104","23,789","9,452","2,391","11,843","22,160","10,807"
Feb 1998,"359,722","20,085","37,156","42,726","13,805","31,879","505,373","16,228","16,846","33,074","3,045","2,056","5,101","38,175","23,874","11,206","1,393","12,599","23,405","13,751"
Mar 1998,"377,748","27,610","57,077","43,910","10,344","31,001","547,690","18,577","18,570","37,147","5,906","3,525","9,431","46,578","28,926","14,570","2,967","17,537","40,470","16,607"
Apr 1998,"377,397","21,900","56,087","48,180","5,663","33,094","542,321","17,777","18,157","35,934","2,712","3,070","5,769","41,703","25,985","11,715","2,342","14,057","39,312","16,775"
May 1998,"382,760","25,824","40,905","25,530","4,022","37,509","516,550","18,178","17,104","35,282","2,407","3,242","5,626","40,908","26,250","15,081","1,790","16,871","28,865","12,040"
Jun 1998,"352,392","17,489","48,952","53,063","6,269","27,930","506,095","17,330","16,534","33,864","2,334","2,767","5,101","38,965","24,525","9,335","2,030","11,365","30,161","18,791"
Jul 1998,"357,057","25,671","49,305","41,792","7,962","30,969","512,756","19,906","15,814","35,720","1,585","3,952","5,573","41,293","25,805","13,087","3,387","16,474","34,298","15,007"
Aug 1998,"326,098","24,566","35,679","48,902","1,076","31,797","468,118","17,360","14,429","31,789","1,106","3,566","4,672","36,461","22,828","13,548","2,348","15,896","23,433","12,246"
Sep 1998,"347,255","25,921","36,486","33,705","4,897","23,785","472,049","18,461","15,526","33,987","1,632","6,059","7,691","41,678","26,279","10,979","5,544","16,523","21,869","14,599"
Oct 1998,"341,109","23,317","40,906","38,134","7,629","27,885","478,980","17,063","15,224","32,287","1,632","3,843","5,475","37,762","23,676","10,751","4,269","15,020","25,648","15,258"
Nov 1998,"363,909","27,243","31,750","36,347","6,958","22,808","489,015","18,757","16,302","35,059","1,518","6,838","8,356","43,415","27,105","11,494","5,935","17,429","20,332","11,418"
Dec 1998,"376,873","31,486","39,223","54,660","7,080","23,322","532,644","20,070","15,527","35,597","2,021","4,339","6,360","41,957","26,337","13,050","7,560","20,610","24,425","14,798"
Jan 1999,"354,061","17,850","35,342","33,616","5,232","28,549","474,650","17,146","14,473","31,619","2,480","4,543","7,023","38,642","24,408","7,992","3,643","11,635","26,034","9,308"
Feb 1999,"337,174","23,635","43,634","55,589","6,861","25,940","492,833","17,277","15,714","32,991","1,569","4,858","6,427","39,418","24,506","12,320","3,123","15,443","34,179","9,455"
Mar 1999,"399,545","28,928","52,834","47,712","7,855","23,836","560,710","20,091","17,823","37,914","1,890","5,899","7,789","45,703","28,299","15,261","3,930","19,191","37,616","15,218"
Apr 1999,"371,764","24,752","40,378","31,617","8,428","35,673","512,612","18,310","15,205","33,515","2,019","5,137","7,156","40,671","25,671","12,623","3,243","15,866","25,902","14,476"
May 1999,"367,222","36,985","58,766","77,869","6,986","33,491","581,319","18,566","15,037","33,603",848,"4,584","5,432","39,035","25,163","20,535","3,739","24,274","40,542","18,224"
Jun 1999,"404,508","25,232","43,211","44,442","6,519","28,429","552,341","21,993","15,778","37,771","1,428","5,186","6,614","44,385","28,125","12,682","3,740","16,422","29,814","13,397"
Jul 1999,"356,406","32,392","42,511","78,138","7,396","27,814","544,657","20,444","14,193","34,637","1,050","5,255","6,305","40,942","25,905","16,668","3,894","20,562","27,327","15,184"
Aug 1999,"405,548","24,518","28,162","74,057","4,096","29,092","565,473","22,174","16,846","39,020",444,"8,376","8,820","47,840","30,191","12,302","3,577","15,879","16,620","11,542"
Sep 1999,"336,656","24,752","29,912","73,051","5,815","36,268","506,454","18,886","13,068","31,954",356,"5,225","5,581","37,535","23,815","13,347","2,783","16,130","19,498","10,414"
Oct 1999,"363,451","23,242","32,299","95,893","5,942","28,368","549,195","18,725","15,274","33,999",617,"5,693","6,310","40,309","25,580","13,155","1,786","14,941","19,144","13,155"
Nov 1999,"376,080","35,866","33,169","46,174","8,136","33,770","533,195","18,659","15,737","34,396","1,189","5,778","6,967","41,363","26,399","21,659","1,671","23,330","22,290","10,879"
Dec 1999,"368,074","30,696","26,146","75,931","8,697","29,213","538,757","19,587","14,985","34,572","1,350","6,320","7,670","42,242","26,977","17,965","1,902","19,867","18,310","7,836"
Jan 2000,"346,894","20,330","30,819","76,607","5,911","25,355","505,916","17,691","13,257","30,948",452,"4,455","4,907","35,855","23,459","10,855","2,351","13,206","21,106","9,713"
Feb 2000,"362,398","25,341","35,402","48,771","7,514","26,354","505,780","18,506","15,337","33,843",682,"6,199","6,881","40,724","26,161","14,087","2,463","16,550","25,159","10,243"
Mar 2000,"395,585","30,490","56,690","96,216","12,214","25,242","616,437","19,581","17,051","36,632","1,001","7,110","8,111","44,743","28,755","17,220","2,527","19,747","40,023","16,667"
Apr 2000,"370,667","25,894","45,500","37,352","8,744","22,536","510,693","19,756","14,479","34,235",648,"6,355","7,003","41,238","26,979","14,616","1,956","16,572","29,288","16,212"
May 2000,"408,851","30,507","46,819","36,202","8,188","29,834","560,401","22,278","15,821","38,099",396,"5,886","6,282","44,381","28,506","17,298","2,590","19,888","34,962","11,857"
Jun 2000,"375,913","23,054","40,137","80,600","5,380","21,575","546,659","21,290","14,253","35,543",372,"6,565","6,937","42,480","27,416","13,383","1,713","15,096","29,101","11,036"
Jul 2000,"361,631","26,644","35,739","55,915","5,515","21,284","506,728","22,118","13,194","35,312",418,"9,426","9,744","45,056","28,923","16,564","1,543","18,107","25,488","10,251"
Aug 2000,"382,889","26,503","31,150","55,499","5,408","19,972","521,421","21,174","16,625","37,799",496,"11,539","12,035","49,834","31,757","15,318","1,886","17,204","22,513","8,637"
Sep 2000,"338,051","21,802","24,420","58,005","5,135","18,233","465,646","18,597","12,962","31,559",570,"8,569","9,139","40,698","26,185","11,237","2,859","14,096","16,749","7,671"
Oct 2000,"374,474","26,348","26,648","64,218","5,110","19,272","516,070","18,806","15,878","34,684",415,"5,676","6,091","40,775","26,569","14,634","2,093","16,727","16,147","10,501"
Nov 2000,"360,281","26,189","33,085","50,362","5,463","23,282","498,662","17,829","14,822","32,651",286,"4,546","4,832","37,483","23,967","14,805","2,071","16,876","23,566","9,520"
Dec 2000,"320,511","27,122","32,480","66,836","5,026","25,718","477,693","15,641","13,358","28,999",518,"5,249","5,767","34,766","22,349","15,604","1,553","17,157","23,351","9,128"
Jan 2001,"341,900","19,205","26,003","68,062","4,305","25,393","484,868","17,035","13,552","30,587",374,"8,586","8,960","39,547","25,662","10,349","1,440","11,789","18,581","7,422"
Feb 2001,"328,756","25,520","38,329","72,940","7,743","19,520","492,808","15,997","13,671","29,668","1,643","5,823","7,466","37,134","24,210","15,786",886,"16,672","28,973","9,357"
Mar 2001,"398,778","30,726","44,781","93,516","8,116","21,707","597,624","19,469","15,076","34,545",562,"9,241","9,803","44,348","28,501","17,866","1,351","19,217","33,499","11,282"
Apr 2001,"355,995","26,120","45,892","75,169","5,662","18,011","526,849","18,784","13,064","31,848",830,"7,216","8,046","39,894","25,558","14,970","1,530","16,500","32,165","13,727"
May 2001,"361,264","30,828","40,900","85,572","3,303","24,601","546,468","19,004","13,328","32,332",719,"7,837","8,556","40,888","26,279","17,498","2,398","19,896","31,900","9,000"
Jun 2001,"308,059","22,168","34,503","67,334","4,205","15,947","452,216","16,779","11,856","28,635",377,"7,037","7,414","36,049","23,358","12,220","2,223","14,443","25,403","9,100"
Jul 2001,"356,421","31,347","36,434","82,353","6,009","24,774","537,338","21,231","12,196","33,427",619,"10,022","10,641","44,068","28,333","18,579","1,665","20,244","25,223","11,211"
Aug 2001,"342,571","30,005","32,388","89,428","13,197","24,575","532,164","18,969","12,049","31,018",823,"9,512","10,335","41,353","26,280","17,792","1,422","19,214","23,252","9,136"
Sep 2001,"301,178","27,959","26,427","60,855","1,875","15,134","433,428","16,517","10,459","26,976",395,"6,946","7,341","34,317","22,067","15,986","1,887","17,873","17,088","9,339"
Oct 2001,"351,597","33,420","29,170","89,563","2,862","21,850","528,462","18,916","12,481","31,397",697,"9,916","10,613","42,010","26,601","19,842","1,700","21,542","20,979","8,191"
Nov 2001,"328,786","40,871","30,812","76,366","2,285","22,286","501,406","17,025","12,029","29,054",530,"8,319","8,849","37,903","24,404","22,480","3,573","26,053","20,591","10,221"
Dec 2001,"348,097","33,087","27,443","82,800","4,180","16,355","511,962","17,981","12,432","30,413",261,"8,120","8,381","38,794","25,071","19,570","1,754","21,324","21,390","6,053"
Jan 2002,"329,424","21,506","24,173","76,948","1,659","17,685","471,395","17,887","11,170","29,057",150,"10,146","10,296","39,353","25,301","11,926","1,736","13,662","17,729","6,444"
Feb 2002,"330,168","29,810","32,913","90,035","3,358","11,065","497,349","17,180","12,072","29,252",336,"6,100","6,436","35,688","22,823","16,791","1,971","18,762","21,470","11,443"
Mar 2002,"356,125","39,222","47,061","96,185","4,910","16,571","560,074","17,594","13,251","30,845",697,"8,355","9,052","39,897","25,878","21,460","3,879","25,339","35,754","11,307"
Apr 2002,"351,590","30,498","39,894","89,870","4,568","16,330","532,750","18,929","12,028","30,957",300,"7,187","7,487","38,444","24,660","17,326","1,965","19,291","29,981","9,913"
May 2002,"402,023","36,602","45,602","103,167","7,381","22,080","616,855","22,031","13,775","35,806",318,"8,148","8,466","44,272","28,494","21,670","1,886","23,556","31,292","14,310"
Jun 2002,"357,636","30,108","43,087","82,994","4,175","17,066","535,066","20,196","11,748","31,944",415,"9,273","9,688","41,632","26,483","16,318","3,185","19,503","28,080","15,007"
Jul 2002,"386,425","36,105","42,750","128,418","5,879","26,096","625,673","24,264","11,177","35,441",396,"14,820","15,216","50,657","32,206","20,863","2,390","23,253","30,500","12,250"
Aug 2002,"391,668","36,572","34,953","99,737","4,113","22,453","589,496","23,481","12,545","36,026",379,"11,699","12,078","48,104","30,812","20,894","2,256","23,150","24,125","10,828"
Sep 2002,"375,623","32,723","26,212","105,211","2,589","18,823","561,181","21,781","12,517","34,298",258,"11,923","12,181","46,479","30,002","18,618","2,939","21,557","15,330","10,882"
Oct 2002,"353,817","44,314","28,978","94,271","5,870","20,003","547,253","19,638","12,463","32,101",307,"7,875","8,182","40,283","25,670","25,577","2,854","28,431","20,198","8,780"
Nov 2002,"365,305","48,580","26,939","116,647","7,558","18,865","583,894","19,889","13,114","33,003",305,"7,631","7,936","40,939","26,247","28,440","2,221","30,661","18,483","8,456"
Dec 2002,"367,879","58,518","30,972","78,432","9,924","19,800","565,525","20,589","12,516","33,105",272,"8,871","9,143","42,248","26,992","35,347","1,522","36,869","22,388","8,584"
Jan 2003,"382,080","38,744","25,450","112,026","5,876","20,146","584,322","20,773","13,519","34,292",502,"10,195","10,697","44,989","28,769","21,531","2,903","24,434","18,371","7,079"
Feb 2003,"311,615","35,165","27,103","88,035","6,674","14,665","483,257","16,321","11,030","27,351",216,"3,919","4,135","31,486","20,169","20,075","1,945","22,020","17,829","9,274"
Mar 2003,"449,017","53,609","43,962","123,287","7,542","27,530","704,947","22,747","16,056","38,803",327,"8,162","8,489","47,292","30,852","29,081","4,004","33,085","30,704","13,258"
Apr 2003,"383,431","41,565","44,304","92,937","6,996","18,000","587,233","19,447","13,719","33,166",704,"9,656","10,360","43,526","28,129","21,762","3,866","25,628","32,603","11,701"
May 2003,"405,282","39,336","35,196","113,297","8,404","18,744","620,259","21,143","13,547","34,990",153,"8,479","8,632","43,622","28,302","21,834","2,972","24,806","22,109","13,087"
Jun 2003,"385,188","38,829","44,670","114,554","5,131","16,957","605,329","20,866","13,617","34,483",158,"11,903","12,061","46,544","29,814","19,978","4,115","24,093","28,451","16,219"
Jul 2003,"417,663","54,360","49,035","76,120","10,067","26,058","633,303","24,661","13,063","37,724",226,"9,109","9,335","47,059","30,159","30,478","3,675","34,153","31,684","17,351"
Aug 2003,"386,936","30,339","35,394","74,587","4,920","18,298","550,474","22,024","12,907","34,931",90,"11,648","11,738","46,669","29,390","16,465","2,573","19,038","22,802","12,592"
Sep 2003,"366,303","44,701","26,273","113,053","10,062","24,265","584,657","21,631","12,536","34,167",85,"9,513","9,598","43,765","27,812","24,136","4,249","28,385","18,400","7,873"
Oct 2003,"392,486","42,386","36,196","106,906","8,885","25,202","612,061","20,685","14,307","34,992",251,"10,525","10,774","45,766","28,603","23,474","3,406","26,880","20,714","15,482"
Nov 2003,"358,786","44,521","30,463","103,525","5,845","16,210","559,350","19,408","12,988","32,196",360,"8,139","8,499","40,695","25,725","24,028","3,150","27,178","19,819","10,644"
Dec 2003,"421,227","58,322","46,631","80,007","9,081","23,629","638,897","23,215","14,510","37,725",418,"9,340","9,758","47,483","30,215","33,756","3,407","37,163","31,362","15,269"
Jan 2004,"345,814","31,152","41,082","90,667","10,510","23,822","543,047","17,803","12,765","30,568",86,"7,901","7,987","38,555","24,535","15,707","3,511","19,218","28,168","12,914"
Feb 2004,"377,593","52,866","47,362","107,027","9,354","18,994","613,196","19,666","13,297","32,963",230,"6,358","6,588","39,551","25,266","30,788","2,406","33,194","25,069","22,293"
Mar 2004,"374,722","37,653","68,690","119,172","9,699","17,320","627,256","19,492","13,249","32,741",132,"8,969","9,101","41,842","26,962","20,043","3,036","23,079","46,601","22,089"
Apr 2004,"448,631","43,585","74,202","62,748","11,412","19,816","660,394","23,440","14,613","38,053",183,"8,867","9,050","47,103","30,596","24,121","3,322","27,443","51,218","22,984"
May 2004,"430,139","45,584","71,631","100,188","12,522","19,760","679,824","23,247","14,519","37,766",704,"11,002","11,706","49,472","32,047","24,001","3,783","27,784","43,896","27,735"
Jun 2004,"404,654","29,204","59,164","95,818","23,875","24,959","637,674","22,986","12,806","35,792",769,"9,941","10,710","46,502","29,980","14,834","3,508","18,342","38,748","20,416"
Jul 2004,"405,469","41,890","74,007","103,418","10,969","29,081","664,834","24,284","12,446","36,730",120,"12,896","13,016","49,746","32,018","22,871","2,237","25,108","52,738","21,269"
Aug 2004,"433,118","36,799","45,615","110,310","5,796","21,780","653,418","24,365","12,945","37,310",143,"14,934","15,077","52,387","33,960","20,044","2,646","22,690","29,904","15,711"
Sep 2004,"425,443","35,088","42,610","93,878","7,806","21,129","625,954","23,365","12,136","35,501",169,"9,221","9,390","44,891","29,470","19,849","1,983","21,832","27,960","14,650"
Oct 2004,"412,985","56,986","47,411","105,989","11,494","19,512","654,377","22,321","13,326","35,647",112,"11,310","11,422","47,069","30,469","31,395","4,880","36,275","33,186","14,225"
Nov 2004,"411,410","51,750","44,076","78,274","12,158","19,182","616,850","23,151","13,142","36,293",112,"10,224","10,336","46,629","30,402","27,263","4,123","31,386","30,406","13,670"
Dec 2004,"417,947","53,003","65,786","109,188","8,941","33,029","687,894","23,341","13,520","36,861",134,"12,955","13,089","49,950","32,444","30,382","3,357","33,739","45,246","20,540"
Jan 2005,"433,210","44,334","54,093","68,423","10,237","15,502","625,799","23,962","13,872","37,834",59,"10,800","10,859","48,693","31,135","25,709","2,248","27,957","30,026","24,067"
Feb 2005,"434,370","35,265","61,171","108,047","10,999","18,727","668,579","23,115","15,132","38,247",205,"10,859","11,064","49,311","31,519","19,371","3,082","22,453","43,142","18,029"
Mar 2005,"436,295","46,989","98,747","118,985","12,252","23,794","737,062","22,473","15,539","38,012",389,"11,191","11,580","49,592","32,327","24,424","5,096","29,520","61,196","37,551"
Apr 2005,"489,400","34,507","85,181","90,744","11,227","19,109","730,168","25,146","16,934","42,080",134,"8,050","8,184","50,264","32,557","17,666","3,753","21,419","57,241","27,940"
May 2005,"485,883","41,932","82,413","84,320","8,716","23,219","726,483","25,616","16,534","42,150",251,"8,950","9,201","51,351","33,038","21,293","5,162","26,455","53,107","29,306"
Jun 2005,"471,288","33,952","87,721","71,290","10,507","26,230","700,988","25,911","15,095","41,006",103,"10,809","10,912","51,918","33,670","16,674","4,679","21,353","58,646","29,075"
Jul 2005,"458,400","36,310","60,556","54,356","9,574","19,150","638,346","26,371","14,563","40,934",29,"15,491","15,520","56,454","36,184","18,590","3,840","22,430","39,598","20,958"
Aug 2005,"442,559","34,116","51,367","69,928","7,819","19,535","625,324","24,135","15,689","39,824",851,"10,943","11,794","51,618","33,686","17,897","3,132","21,029","34,149","17,218"
Sep 2005,"420,599","39,230","52,384","99,067","10,564","27,479","649,323","23,342","14,392","37,734",330,"12,376","12,706","50,440","32,203","20,812","3,791","24,603","35,804","16,580"
Oct 2005,"455,396","47,828","45,250","108,231","9,546","21,337","687,588","24,749","15,276","40,025",116,"11,018","11,134","51,159","32,725","25,352","4,583","29,935","26,668","18,582"
Nov 2005,"437,218","56,105","53,401","83,529","9,252","23,637","663,142","23,442","14,237","37,679",197,"6,652","6,849","44,528","28,816","29,949","4,341","34,290","32,199","21,202"
Dec 2005,"403,137","45,224","48,855","99,427","12,142","20,758","629,543","21,751","14,103","35,584",110,"11,422","11,532","47,116","31,119","24,158","3,669","27,827","31,092","17,763"
Jan 2006,"482,149","34,841","52,067","80,193","9,544","30,497","689,291","26,485","14,594","41,079",206,"9,360","9,566","50,645","32,506","19,199","2,430","21,629","27,908","24,159"
Feb 2006,"423,518","36,796","71,167","84,788","14,397","25,958","656,624","21,161","15,338","36,499",135,"11,303","11,438","47,937","30,873","18,724","3,951","22,675","44,665","26,502"
Mar 2006,"488,390","35,904","86,143","98,545","14,075","31,960","755,017","23,793","17,784","41,577",240,"10,790","11,031","52,608","33,319","17,523","4,999","22,522","53,673","32,470"
Apr 2006,"502,709","42,314","84,662","103,149","8,545","23,917","765,296","25,673","16,880","42,553",131,"10,333","10,464","53,017","34,851","19,626","6,396","26,022","56,453","28,209"
May 2006,"499,247","51,811","83,802","90,851","12,963","39,822","778,496","26,444","16,533","42,977",289,"11,753","12,042","55,019","35,889","25,682","7,160","32,842","56,069","27,733"
Jun 2006,"457,741","36,628","79,896","92,456","10,245","25,393","702,359","24,374","15,322","39,696",663,"12,383","13,046","52,742","34,680","16,623","6,568","23,191","54,626","25,270"
Jul 2006,"497,144","47,723","62,367","112,768","10,290","21,567","751,859","28,152","15,333","43,485",261,"12,473","12,734","56,219","36,724","23,989","6,068","30,057","42,126","20,241"
Aug 2006,"441,093","38,187","72,545","89,270","7,750","30,840","679,685","24,889","14,411","39,300",98,"12,458","12,556","51,856","33,939","17,420","6,650","24,070","46,309","26,236"
Sep 2006,"419,716","46,572","46,148","91,184","8,841","17,824","630,285","22,703","14,064","36,767",367,"9,525","9,892","46,659","30,421","20,165","10,294","30,459","28,133","18,015"
Oct 2006,"459,298","45,932","57,768","91,033","10,350","18,732","683,113","24,267","15,987","40,254",183,"12,603","12,786","53,040","34,335","21,919","6,850","28,769","32,182","25,586"
Nov 2006,"518,939","47,747","53,755","90,222","10,400","19,874","740,937","26,352","17,457","43,809",282,"10,993","11,275","55,084","36,119","20,474","8,864","29,338","28,971","24,784"
Dec 2006,"500,067","50,441","58,211","75,361","13,940","24,039","722,059","25,075","18,184","43,259",714,"9,039","9,753","53,012","34,220","24,173","7,295","31,468","30,918","27,293"
Jan 2007,"468,025","43,261","46,462","49,038","7,694","22,412","636,892","23,387","16,890","40,277",181,"11,653","11,834","52,111","33,574","19,177","7,334","26,511","19,499","26,963"
Feb 2007,"426,123","53,093","66,276","104,561","11,704","23,985","685,742","21,884","14,943","36,827",65,"8,435","8,500","45,327","28,889","21,150","7,835","28,985","31,835","34,496"
Mar 2007,"476,111","63,931","81,673","98,251","15,476","19,608","755,050","23,140","18,635","41,775",451,"8,060","8,511","50,286","31,875","25,066","10,230","35,296","38,983","42,997"
Apr 2007,"480,848","53,777","75,021","93,599","10,135","23,868","737,248","23,249","18,073","41,322","1,267","8,517","9,784","51,106","33,816","17,219","11,933","29,152","33,892","42,188"
May 2007,"454,562","52,107","87,008","126,475","14,156","35,986","770,294","23,072","17,107","40,179",585,"8,595","9,180","49,359","31,785","14,456","14,783","29,239","39,096","48,449"
Jun 2007,"511,726","57,208","62,852","99,241","8,714","17,361","757,102","25,642","18,427","44,069",904,"8,908","9,812","53,881","34,666","15,733","15,854","31,587","27,458","35,453"
Jul 2007,"483,970","62,772","73,070","97,892","10,376","24,310","752,390","26,039","17,113","42,852",349,"9,884","10,233","53,085","34,218","22,071","11,829","33,900","35,179","37,899"
Aug 2007,"489,026","55,164","72,829","105,135","7,787","21,764","751,705","26,129","17,067","43,196",271,"9,972","10,243","53,439","34,564","20,470","9,756","30,226","29,496","43,495"
Sep 2007,"470,483","53,778","65,668","88,302","8,607","17,239","704,077","24,320","17,563","41,883",140,"9,052","9,192","51,075","32,732","18,989","11,526","30,515","27,824","38,095"
Oct 2007,"506,223","64,437","68,403","93,174","8,726","20,199","761,162","24,300","19,645","43,945",817,"7,641","8,458","52,403","33,457","22,734","12,170","34,904","27,409","41,214"
Nov 2007,"463,644","55,483","69,398","104,875","7,414","15,364","716,178","21,636","18,492","40,128","2,188","6,701","8,889","49,017","31,687","17,784","13,229","31,013","24,550","44,848"
Dec 2007,"455,629","63,897","61,705","83,131","5,571","21,110","691,043","21,768","17,388","39,158","2,968","6,868","9,836","48,994","31,148","23,438","11,664","35,102","25,014","36,691"
Jan 2008,"513,042","41,723","77,572","98,464","6,967","31,034","768,802","24,950","18,794","43,744","2,056","9,501","11,557","55,301","35,433","13,949","9,865","23,814","26,890","50,682"
Feb 2008,"487,246","58,364","82,791","65,837","9,689","18,196","722,123","23,241","18,679","41,919",995,"7,228","8,223","50,142","31,940","21,727","10,415","32,142","27,510","55,281"
Mar 2008,"499,637","70,111","97,806","128,105","6,711","19,786","822,156","23,189","18,994","42,183",948,"6,790","7,738","49,921","32,340","23,252","13,382","36,634","36,588","61,218"
Apr 2008,"482,604","59,632","111,209","104,820","6,616","18,497","783,378","22,550","18,691","41,243",978,"4,816","5,794","47,037","30,195","19,963","13,323","33,286","42,829","68,380"
May 2008,"526,554","56,600","81,806","110,498","6,507","14,119","796,084","24,180","19,724","43,904","1,459","6,420","7,879","51,783","34,265","18,869","13,097","31,966","29,462","52,344"
Jun 2008,"519,563","65,352","90,798","95,720","6,556","16,235","794,224","24,569","20,020","44,589",457,"7,759","8,216","52,805","34,247","22,062","15,160","37,222","37,495","53,303"
Jul 2008,"499,340","67,365","88,611","90,235","7,675","23,423","776,649","25,336","18,330","43,666",606,"7,883","8,489","52,155","33,907","25,915","11,637","37,552","37,799","50,812"
Aug 2008,"472,758","51,155","64,079","89,020","4,364","18,070","699,446","23,905","17,464","41,405",609,"9,418","10,027","51,432","33,501","22,293","7,940","30,233","24,473","39,606"
Sep 2008,"501,031","49,488","65,869","123,622","4,756","20,237","765,003","27,055","17,610","44,668",413,"10,808","11,221","55,889","35,973","15,410","13,292","28,702","22,405","43,464"
Oct 2008,"447,437","61,105","77,007","97,017","6,982","20,507","710,055","21,097","15,989","39,590","1,151","8,998","10,149","49,739","32,082","18,281","16,041","34,322","30,185","46,822"
Nov 2008,"477,478","56,463","68,980","89,230","5,707","16,717","714,575","26,614","14,975","41,589",745,"10,514","11,259","52,848","33,571","17,693","14,213","31,906","26,077","42,339"
Dec 2008,"387,342","62,116","62,744","76,269","5,127","15,952","609,550","19,772","13,564","33,336",447,"10,007","10,454","43,790","27,767","20,084","14,500","34,584","23,769","38,975"
Jan 2009,"370,273","22,845","53,259","68,987","4,873","16,730","536,967","18,900","13,197","32,097",371,"7,211","7,582","39,679","25,563","9,475","4,083","13,558","23,197","30,062"
Feb 2009,"386,408","34,975","60,127","52,085","8,594","16,420","558,609","18,813","15,245","34,058",593,"5,581","6,174","40,232","24,732","9,999","9,357","19,356","23,309","36,818"
Mar 2009,"430,830","33,265","72,906","76,241","1,158","9,322","623,722","19,322","17,393","36,715",237,"4,233","4,470","41,185","25,984","11,598","7,802","19,400","30,723","42,183"
Apr 2009,"440,200","25,449","65,633","55,587","1,051","13,699","601,619","20,069","17,468","37,537",348,"4,131","4,479","42,016","26,579","7,764","6,809","14,573","25,717","39,916"
May 2009,"446,503","27,334","61,647","41,097","1,548","8,059","586,188","19,372","18,080","37,452",681,"3,631","4,312","41,764","26,217","10,239","5,269","15,508","24,460","37,187"
Jun 2009,"456,450","29,757","41,517","92,645",983,"7,540","628,892","20,947","19,022","39,969",816,"3,833","4,649","44,618","27,791","14,896","2,742","17,638","15,260","26,257"
Jul 2009,"452,647","46,868","57,652","53,015","1,744","9,984","621,910","23,124","17,673","40,797",855,"3,417","4,272","45,069","28,218","21,993","4,712","26,705","21,119","36,533"
Aug 2009,"468,720","34,482","37,277","94,331",12,"7,223","642,045","22,514","19,619","42,133",687,"4,439","5,126","47,259","29,571","14,394","4,756","19,150","12,386","24,891"
Sep 2009,"429,915","49,482","34,203","90,536",587,"7,461","612,184","21,309","17,282","38,591",652,"7,282","7,934","46,525","29,279","19,286","8,196","27,482","11,082","23,121"
Oct 2009,"433,895","62,776","34,356","67,316",980,"6,709","606,032","20,817","17,016","37,833","1,299","7,250","8,549","46,382","29,204","25,426","8,629","34,055","12,180","22,176"
Nov 2009,"468,784","58,779","36,111","82,052",300,"7,094","653,120","21,710","17,871","39,581",666,"5,453","6,119","45,700","28,779","21,620","9,856","31,476","13,532","22,579"
Dec 2009,"463,555","66,541","43,614","70,149","2,093","11,216","657,168","22,301","16,613","38,914",776,"5,157","5,933","44,847","28,477","25,506","9,956","35,462","17,227","26,387"
Jan 2010,"403,703","46,158","34,379","81,834",574,"10,426","577,074","20,547","14,837","35,384",452,"7,787","8,239","43,623","27,674","18,407","6,606","25,013","10,902","23,477"
Feb 2010,"351,623","41,149","36,383","69,856","2,208","7,089","508,308","19,661","12,236","31,899",600,"5,528","6,128","38,027","23,935","16,339","6,333","22,672","15,452","20,931"
Mar 2010,"483,444","71,618","58,387","46,453","2,462","18,235","680,599","23,092","18,381","41,473","1,095","7,607","8,702","50,175","32,029","24,785","13,268","38,053","25,351","32,918"
Apr 2010,"491,287","55,141","57,386","90,216","3,238","14,357","711,625","23,514","19,048","42,562",246,"5,394","5,640","48,202","30,629","19,785","10,356","30,142","22,735","34,651"
May 2010,"462,574","60,374","59,500","76,527","2,892","16,854","678,721","23,957","16,681","40,638",264,"7,307","7,571","48,209","30,884","21,901","10,742","32,643","24,214","35,286"
Jun 2010,"492,801","62,361","52,669","48,636","3,414","19,016","678,897","27,913","16,643","44,556",592,"12,031","12,721","57,277","36,088","22,118","11,234","33,352","22,981","29,668"
Jul 2010,"541,674","65,386","57,105","111,184","3,563","15,514","794,426","30,302","17,130","47,432",454,"15,844","16,308","63,740","39,877","24,691","10,902","35,593","26,054","31,051"
Aug 2010,"502,306","59,393","50,025","67,444","2,521","14,401","696,090","27,450","17,356","44,806",371,"12,333","12,704","57,510","36,466","23,585","9,457","33,042","22,403","27,622"
Sep 2010,"454,456","53,022","42,438","116,121","2,402","11,975","680,414","24,585","16,363","40,948",593,"9,483","10,076","51,024","32,396","17,637","10,449","28,086","19,408","23,030"
Oct 2010,"528,558","79,650","61,277","34,376","4,105","16,552","724,518","27,035","18,202","45,237",595,"9,796","10,391","55,628","35,337","31,227","11,603","42,830","27,831","33,446"
Nov 2010,"471,242","69,021","50,924","144,769","4,663","11,987","752,606","22,757","17,309","40,066",594,"7,635","8,229","48,295","30,296","25,630","11,190","36,820","23,449","27,475"
Dec 2010,"464,317","71,856","62,418","42,194","3,390","19,085","663,260","24,441","15,778","40,219",579,"8,415","8,994","49,213","31,454","25,336","13,576","38,912","30,409","32,009"
Jan 2011,"470,912","56,127","51,553","78,544","3,335","9,927","670,398","25,549","16,042","41,591",253,"10,100","10,353","51,944","32,810","24,620","6,327","30,947","26,279","25,274"
Feb 2011,"422,502","48,116","65,796","94,341","8,817","12,981","652,553","22,668","15,192","38,007",349,"8,538","8,887","46,894","29,342","16,329","9,600","25,929","33,712","26,813"
Mar 2011,"547,030","78,990","86,141","34,126","9,235","17,682","773,204","25,843","19,757","45,600",853,"8,093","8,946","54,546","34,958","29,451","12,517","41,968","42,717","43,424"
Apr 2011,"489,741","57,922","85,716","138,855","10,543","17,524","800,301","23,847","17,611","41,458",989,"5,649","6,638","48,096","30,732","18,499","13,229","31,728","36,129","49,587"
May 2011,"518,225","61,784","75,873","37,733","10,897","16,833","721,345","26,060","18,077","44,137",285,"8,943","9,228","53,365","35,207","20,207","13,594","33,801","28,404","47,469"
Jun 2011,"500,045","66,177","85,150","72,117","15,901","18,097","757,487","26,904","17,283","44,187",578,"10,566","11,144","55,331","35,101","20,639","14,377","35,016","38,961","46,189"
Jul 2011,"470,765","72,807","83,221","77,357","8,408","17,357","729,915","26,436","16,240","42,676",389,"9,513","9,902","52,578","33,470","25,643","13,587","39,230","41,426","41,795"
Aug 2011,"517,324","69,956","73,532","53,517","19,237","18,645","752,211","28,870","18,131","47,001",557,"9,789","10,346","57,347","36,311","24,164","12,882","37,046","30,880","42,652"
Sep 2011,"497,261","64,578","74,304","113,739","16,854","16,312","783,048","27,143","17,134","44,277",610,"9,839","10,449","54,726","35,105","22,150","11,744","33,894","34,706","39,598"
Oct 2011,"486,685","80,012","82,599","55,012","5,333","14,405","724,046","25,165","17,631","42,796",769,"13,190","13,959","56,755","35,434","24,465","18,592","43,057","37,305","45,294"
Nov 2011,"490,068","92,640","85,081","56,822","14,427","14,499","753,537","26,257","16,491","42,748",636,"8,922","9,558","52,306","33,196","29,065","21,998","51,063","41,101","43,980"
Dec 2011,"462,651","79,138","89,709","100,660","13,721","17,748","763,627","23,007","16,547","39,554",583,"7,403","7,986","47,540","30,245","25,094","17,100","42,194","43,052","46,657"
Jan 2012,"533,403","68,468","84,385","41,087","16,511","18,635","762,489","26,665","18,685","45,350",951,"9,002","9,953","55,303","35,017","23,981","12,762","36,743","47,219","37,166"
Feb 2012,"516,808","76,175","90,788","83,988","14,962","11,701","794,422","26,681","18,153","44,834",668,"6,138","6,806","51,640","32,843","22,832","17,527","40,359","44,754","46,034"
Mar 2012,"492,796","89,946","121,113","72,569","14,436","22,926","813,786","23,034","18,054","41,088",525,"9,111","9,636","50,724","32,761","31,376","16,615","47,991","64,903","56,210"
Apr 2012,"555,803","84,933","121,407","59,528","6,857","23,994","852,522","28,135","19,316","47,601",796,"7,759","8,555","56,156","36,076","27,322","18,510","45,832","61,080","60,327"
May 2012,"555,255","72,499","97,675","76,123","25,798","18,568","845,918","28,729","19,420","48,149","1,323","8,749","10,072","58,221","36,874","20,136","17,449","37,578","50,297","47,378"
Jun 2012,"491,809","80,335","97,145","49,700","20,306","18,117","757,412","25,698","17,009","42,707",950,"10,124","11,074","53,781","33,968","23,141","20,894","44,035","44,299","52,846"
Jul 2012,"542,853","71,680","92,909","101,153","25,212","20,011","853,818","30,409","17,130","47,539",554,"13,840","14,394","61,933","39,976","24,521","13,984","38,500","54,682","38,227"
Aug 2012,"540,204","83,004","80,776","73,058","10,106","19,223","806,371","29,889","19,294","49,183",745,"13,774","14,519","63,702","39,444","28,527","16,257","44,784","46,905","33,871"
Sep 2012,"502,316","76,879","74,714","39,970","11,544","15,793","721,216","26,603","17,802","44,405",368,"10,594","10,962","55,367","34,974","23,588","17,818","41,406","36,321","38,393"
Oct 2012,"497,320","83,230","77,250","117,312","11,174","12,977","799,263","24,669","18,274","42,943",269,"9,964","10,233","53,176","33,340","24,336","18,633","42,969","38,262","38,988"
Nov 2012,"532,247","105,576","88,482","85,380","6,291","18,265","836,241","29,115","18,118","47,233",747,"9,757","10,504","57,737","35,767","33,734","22,832","56,566","42,799","45,683"
Dec 2012,"536,672","89,333","64,876","34,919","11,345","13,859","751,004","27,539","19,378","46,917",536,"12,607","13,143","60,060","37,006","30,826","15,966","46,762","31,835","31,835"
Jan 2013,"556,116","62,212","65,310","80,235","15,031","20,484","799,388","30,301","17,814","48,115",283,"11,652","11,935","60,050","36,870","17,186","16,724","33,910","28,646","36,664"
Feb 2013,"438,923","78,949","69,845","73,214","6,419","15,498","682,848","22,749","15,521","38,270",402,"8,988","9,390","47,660","29,566","25,349","17,415","42,764","32,053","37,792"
Mar 2013,"564,556","86,317","81,352","91,837","9,019","12,743","845,824","28,395","20,044","48,439","1,320","10,922","12,242","60,681","37,386","28,248","17,207","45,455","39,260","42,092"
Apr 2013,"536,864","94,189","90,063","79,139","10,598","13,760","824,613","27,214","19,064","46,278","1,028","8,390","9,418","55,696","35,155","30,195","19,226","49,421","45,104","44,959"
May 2013,"541,105","102,180","80,900","91,642","9,831","12,368","838,026","28,486","18,439","46,925","1,622","10,540","12,162","59,087","18,851","30,452","22,897","53,349","41,994","38,906"
Jun 2013,"544,902","93,041","84,002","47,553","5,841","17,195","792,534","28,545","18,698","47,243",888,"11,753","12,641","59,884","37,750","26,373","22,997","49,370","45,402","38,600"
Jul 2013,"581,616","98,598","75,151","57,476","9,061","18,073","839,975","32,633","19,111","51,744",478,"16,255","16,733","68,477","44,095","31,436","19,961","51,397","43,699","31,452"
Aug 2013,"528,484","91,438","76,187","107,177","6,339","19,066","828,691","30,737","18,801","49,538","1,009","14,311","15,320","64,858","39,727","27,120","22,113","49,233","41,738","34,449"
Sep 2013,"539,451","101,350","56,087","79,181","1,918","16,213","794,200","29,771","19,013","48,784","1,540","12,311","13,851","62,635","38,622","30,090","21,757","51,847","26,460","29,627"
Oct 2013,"474,665","95,766","68,304","106,072","9,410","9,711","763,928","25,354","16,742","42,096",503,"8,916","9,419","51,515","31,632","29,544","20,496","50,040","36,678","31,626"
Nov 2013,"570,152","92,615","79,557","57,921","2,584","12,071","814,900","28,022","20,305","48,327",854,"9,154","10,008","58,335","36,592","29,529","19,584","49,113","45,811","33,746"
Dec 2013,"491,736","97,637","72,658","62,897","6,351","11,895","743,174","27,834","16,318","44,152","1,134","11,066","12,200","56,352","34,904","35,636","17,020","52,656","43,916","28,742"
Jan 2014,"539,248","62,110","72,486","71,455","1,139","17,203","763,641","29,266","17,582","46,848",737,"12,428","13,165","60,013","37,425","23,416","9,905","33,321","47,820","24,666"
Feb 2014,"464,302","67,528","62,531","68,713","7,144","10,368","680,586","24,584","16,462","41,046",991,"14,386","15,377","56,423","35,241","21,403","14,337","35,740","34,907","27,624"
Mar 2014,"505,715","107,909","81,549","77,568","9,741","16,375","798,587","25,817","17,659","43,476","1,571","7,045","8,616","52,092","32,556","28,997","25,476","54,473","42,405","39,144"
Apr 2014,"612,618","104,866","81,510","70,904","16,492","14,457","900,847","32,393","20,507","52,900","1,249","10,378","11,627","64,527","40,557","27,895","25,537","53,432","43,582","37,928"
May 2014,"550,785","112,498","82,643","70,257","3,476","19,376","839,035","29,873","19,434","49,307","2,017","14,019","16,036","65,343","41,236","29,625","29,521","59,146","44,421","38,222"
Jun 2014,"565,331","103,618","71,062","74,166","3,429","14,831","832,437","31,719","18,364","50,083","1,386","14,468","15,854","65,937","42,661","25,701","26,892","52,593","34,162","36,900"
Jul 2014,"583,661","106,499","82,689","95,287","4,069","19,407","891,612","33,296","19,667","52,963",422,"14,823","15,245","68,208","43,457","33,094","20,975","54,069","53,167","32,106"
Aug 2014,"566,941","89,897","57,230","47,335","1,315","15,707","778,425","33,442","18,085","51,527",979,"16,688","17,667","69,194","42,885","27,567","19,701","47,268","32,412","24,818"
Sep 2014,"558,230","93,848","62,796","68,038","2,866","17,121","802,899","32,675","18,049","50,724",897,"17,586","18,483","69,207","43,575","25,939","20,753","46,692","36,651","26,145"
Oct 2014,"595,710","98,995","71,579","48,891","13,363","14,061","842,599","33,666","20,135","53,801","1,752","18,499","20,251","74,052","46,827","27,732","22,826","50,558","41,076","30,503"
Nov 2014,"491,612","104,714","56,477","45,003","2,199","8,159","708,164","27,405","17,004","44,409","1,042","14,558","15,600","60,009","37,378","33,108","20,570","53,678","35,756","20,721"
Dec 2014,"590,397","99,976","79,324","52,378","3,667","11,511","837,253","33,248","18,706","51,954",417,"12,763","13,180","65,134","40,612","27,279","22,819","50,098","56,309","23,015"
Jan 2015,"515,193","71,997","59,109","44,370","2,253","11,342","704,264","28,592","16,479","45,071",486,"14,123","14,609","59,680","38,214","25,838","12,414","38,252","43,981","15,128"
Feb 2015,"489,222","84,560","57,240","76,639","3,645","10,455","721,761","25,772","16,171","41,943",923,"10,326","11,249","53,192","33,597","28,611","14,041","42,652","40,238","16,833"
Mar 2015,"661,533","108,782","84,478","35,919","3,017","19,417","913,146","36,684","20,413","57,097","2,896","17,779","20,675","77,772","49,971","44,180","12,856","57,036","52,276","32,202"
Apr 2015,"535,665","103,882","83,838","64,695","3,627","15,012","806,719","27,759","18,325","46,084","1,872","10,908","12,780","58,864","37,423","36,106","15,830","51,936","52,369","31,469"
May 2015,"634,982","81,430","68,650","52,760","2,967","24,654","865,443","34,653","19,680","54,333","1,851","17,360","19,211","73,544","46,672","30,078","12,199","42,277","44,988","23,662"
Jun 2015,"663,948","85,551","64,165","41,175","2,488","12,452","869,779","39,362","20,170","59,532","1,708","18,404","20,112","79,644","49,816","29,093","15,242","44,335","41,225","22,940"
Jul 2015,"561,372","98,996","67,185","46,106","3,157","20,604","797,420","35,513","17,124","52,637",456,"23,436","23,892","76,529","47,865","37,319","16,186","53,505","43,627","23,558"
Aug 2015,"600,924","96,205","69,502","75,017","2,095","16,838","860,581","39,067","19,273","58,340","1,400","26,409","27,809","86,149","52,667","33,750","16,648","50,398","42,129","27,373"
Sep 2015,"516,663","90,904","48,112","58,470","1,540","13,945","729,634","33,575","16,355","49,930","1,333","19,715","21,048","70,978","43,338","31,161","15,065","46,226","29,224","18,888"
Oct 2015,"555,365","83,458","53,172","83,090","2,413","11,088","788,586","33,636","18,893","52,529",712,"18,076","18,788","71,317","43,186","31,355","12,834","44,189","32,730","20,442"
Nov 2015,"588,560","113,544","56,616","45,956","2,606","15,877","823,159","34,286","20,750","55,036",770,"12,923","13,693","68,729","41,958","42,013","18,611","60,624","30,781","25,835"
Dec 2015,"554,819","83,590","48,115","50,431","1,037","11,379","749,371","30,911","18,502","49,413","1,416","13,087","14,503","63,916","39,148","30,114","13,420","43,534","28,705","19,410"
Jan 2016,"593,778","76,934","52,384","71,540","2,808","10,660","808,104","34,907","18,373","53,280",422,"15,414","15,836","69,116","42,765","29,958","9,677","39,635","33,161","19,223"
Feb 2016,"579,892","82,470","65,766","63,752","1,215","16,259","809,354","33,999","19,969","53,968",632,"16,548","17,180","71,148","43,327","33,698","10,752","44,450","40,434","25,332"
Mar 2016,"577,353","89,879","78,907","59,731","2,513","17,221","825,604","31,386","19,297","50,683",304,"13,913","14,217","64,900","40,305","32,397","15,240","47,637","50,867","28,040"
Apr 2016,"609,217","82,980","69,745","66,738","2,143","14,380","845,203","33,282","20,326","53,608",354,"15,222","15,576","69,814","43,236","30,598","12,639","43,237","41,012","28,733"
May 2016,"666,259","107,677","59,490","59,169","1,488","13,817","907,900","38,767","21,085","59,852",614,"18,257","18,871","78,723","48,894","41,622","15,568","57,190","40,248","19,242"
Jun 2016,"635,668","92,751","70,554","29,371","2,706","11,016","842,066","39,298","19,395","58,693","1,060","18,433","19,493","78,186","48,112","34,483","15,487","49,970","41,900","28,654"
Jul 2016,"588,238","93,974","63,942","67,391","1,646","16,111","831,302","35,664","18,918","54,582",750,"19,669","20,419","75,001","43,293","36,309","13,308","49,617","41,198","22,744"
Aug 2016,"610,043","82,204","48,584","81,329","1,322","18,210","841,692","38,266","19,514","57,780",271,"20,653","20,924","78,704","48,718","34,084","11,869","45,953","29,481","19,103"
Sep 2016,"562,096","77,734","42,637","58,836","2,013","12,336","755,652","33,059","18,154","51,213",85,"17,218","17,303","68,516","42,418","30,260","11,419","41,679","25,704","16,933"
Oct 2016,"605,280","90,103","47,608","83,478","2,420","10,834","839,723","33,389","22,124","55,513",456,"12,548","13,004","68,517","42,094","37,220","11,528","48,748","28,940","18,668"
Nov 2016,"646,545","92,175","46,552","43,796","10,725","11,257","851,050","34,554","21,721","56,275",89,"14,421","14,510","70,785","44,154","38,021","11,627","49,648","22,080","18,812"
Dec 2016,"672,343","94,573","54,560","70,226","3,379","9,116","904,197","39,316","13,939","59,255",124,"17,326","17,450","76,705","48,207","40,263","10,120","50,383","34,014","20,546"
Jan 2017,"712,368","86,326","48,631","59,621",862,"14,869","922,677","40,302","22,516","62,818",289,"17,921","18,210","81,028","50,463","36,613","9,074","45,687","21,911","26,720"
Feb 2017,"577,863","72,362","57,506","51,881","10,972","10,344","780,928","33,653","17,362","51,015",125,"16,608","16,733","67,748","42,680","27,485","12,447","39,932","32,709","24,797"
Mar 2017,"597,988","100,322","61,597","68,640","16,700","11,213","856,460","33,043","18,930","51,973",443,"17,493","17,936","69,909","44,140","39,475","14,633","54,108","35,923","25,674"
Apr 2017,"633,151","89,628","71,496","47,028","2,211","14,814","858,328","36,982","18,824","55,806",605,"20,666","21,271","77,077","47,444","34,684","13,683","48,367","41,341","30,155"
May 2017,"766,360","89,945","79,875","51,518","2,036","18,180","1,007,914","43,411","22,377","65,788",488,"20,127","20,615","86,403","54,358","35,477","13,681","49,158","46,264","33,611"
Jun 2017,"682,204","84,664","61,258","52,607","1,957","15,181","897,871","40,581","20,744","61,325","1,617","24,623","26,240","87,565","53,896","30,914","13,909","44,823","34,462","26,796"
Jul 2017,"692,646","95,582","61,901","67,367","2,418","15,139","935,053","42,553","20,266","62,817",453,"20,207","20,660","83,477","51,744","36,988","12,734","49,722","40,604","21,297"
Aug 2017,"691,559","93,527","59,475","69,068","1,212","13,616","928,457","43,357","19,692","63,051",417,"24,915","25,332","88,381","54,468","32,735","20,211","52,946","35,575","23,900"
Sep 2017,"632,541","82,910","47,191","56,591","1,319","11,679","832,231","39,607","18,514","58,121",69,"22,393","22,462","80,583","49,561","32,451","11,762","44,213","25,052","22,139"
Oct 2017,"716,312","102,225","60,055","47,249","2,570","18,991","947,402","41,526","22,930","64,456",197,"23,738","23,935","88,391","54,049","38,667","16,516","55,183","41,099","18,956"
Nov 2017,"649,688","83,582","47,969","57,779","1,638","9,885","850,541","37,698","18,631","56,329",345,"15,663","16,008","72,337","45,391","32,668","11,757","44,425","30,747","17,222"
Dec 2017,"679,395","105,313","70,992","41,462","2,706","19,758","919,626","41,094","19,788","60,882",382,"18,317","18,699","79,581","48,778","41,147","15,486","56,633","51,783","19,209"
Jan 2018,"701,139","71,314","51,671","65,288","2,007","10,745","902,164","43,185","18,663","61,848",209,"23,865","24,074","85,922","52,814","29,600","8,416","38,016","33,898","17,773"
Feb 2018,"671,746","83,195","66,668","46,456","2,267","14,795","885,127","40,195","19,211","59,406",358,"21,125","21,483","80,889","50,227","31,059","12,494","43,553","41,125","25,543"
Mar 2018,"713,631","95,909","83,235","70,235","1,188","14,364","978,562","42,155","21,197","63,352",138,"23,487","23,625","86,977","53,849","38,026","12,090","50,116","57,220","26,015"
Apr 2018,"687,267","91,188","72,114","54,079","1,234","19,151","925,033","38,689","21,248","59,937",302,"18,691","18,993","78,930","48,982","33,591","16,908","50,499","46,017","26,097"
May 2018,"706,141","109,074","83,402","51,250","2,176","11,554","963,597","43,494","19,552","63,046",345,"26,761","27,106","90,152","55,993","42,030","19,116","61,146","59,131","24,271"
Jun 2018,"672,205","96,626","67,627","49,371","1,061","15,225","902,115","42,889","19,133","62,022",243,"19,496","19,739","81,761","49,976","38,397","15,570","53,967","43,860","23,648"
Jul 2018,"685,467","102,101","72,416","31,617","1,697","15,094","908,392","45,798","18,567","64,365",184,"26,293","26,477","90,842","55,742","38,268","17,183","55,451","50,492","21,924"
Aug 2018,"673,225","120,058","65,024","54,750",744,"13,051","926,852","44,141","18,715","62,856",263,"27,743","28,006","90,862","55,268","45,055","20,226","65,281","47,073","17,951"
Sep 2018,"645,299","94,979","54,344","48,984",177,"12,230","856,013","41,392","18,810","60,202",130,"25,226","25,356","85,558","52,042","33,957","19,172","53,129","40,303","14,041"
Oct 2018,"673,405","93,942","72,847","41,627",0,"14,467","896,288","41,608","19,491","61,099",46,"24,140","24,186","85,285","52,194","35,132","15,449","50,581","52,568","20,279"
Nov 2018,"654,165","104,187","62,964","45,291",615,"12,075","879,297","42,794","17,581","60,375",351,"23,709","24,060","84,435","50,821","37,029","20,255","57,284","45,561","17,403"
Dec 2018,"659,988","106,076","68,133","47,415",507,"12,450","894,598","44,195","16,398","60,593",19,"19,116","19,135","79,728","48,289","40,680","16,858","57,538","48,222","19,911"
Jan 2019,"672,507","75,017","65,580","41,474","1,237","9,493","865,308","43,869","15,947","59,816",54,"25,396","25,450","85,266","52,885","28,694","12,940","41,634","42,540","23,040"
Feb 2019,"654,179","87,641","74,710","56,274","1,497","8,519","882,820","42,287","18,556","60,843",379,"23,688","24,067","84,910","51,226","32,484","14,188","46,672","48,979","25,731"
Mar 2019,"727,999","108,240","96,535","73,148",770,"11,582","1,018,274","43,700","20,589","64,289",153,"31,520","31,673","95,962","59,006","39,809","19,243","59,052","59,828","36,707"
Apr 2019,"719,866","98,641","98,813","59,362","1,871","14,540","993,093","42,984","20,940","63,924",186,"28,467","28,653","92,577","57,668","35,909","15,891","51,800","64,881","33,932"
May 2019,"758,627","111,793","86,028","19,638","1,055","13,217","990,358","49,342","19,134","68,476",356,"25,701","26,057","94,533","57,978","42,817","21,146","63,963","58,331","27,697"
Jun 2019,"648,956","92,162","67,699","66,046","1,806","12,101","888,770","38,839","20,127","58,966",65,"24,241","24,306","83,272","51,253","37,140","14,579","51,719","46,892","20,807"
Jul 2019,"723,741","99,728","90,812","29,803","1,924","15,523","961,531","48,806","19,175","67,981",288,"30,269","30,557","98,538","60,232","36,123","17,630","53,753","66,036","24,776"
Aug 2019,"698,139","95,151","64,682","48,359","1,273","12,920","920,524","44,878","19,924","64,802",120,"22,997","23,117","87,919","53,854","36,255","15,918","52,173","45,141","19,541"
Sep 2019,"690,068","80,994","58,850","25,848","1,927","7,416","865,103","45,026","20,320","65,346",588,"29,796","30,384","95,730","57,864","32,094","11,969","44,063","36,188","22,662"
Oct 2019,"696,698","104,230","65,316","58,336","1,026","9,757","935,363","44,150","20,134","64,284",932,"25,320","26,252","90,536","54,957","43,811","12,407","56,218","44,642","20,674"
Nov 2019,"660,858","92,590","71,295","46,237","1,293","14,146","886,419","38,915","20,254","59,169",370,"22,999","23,369","82,538","50,314","34,994","14,649","49,643","49,919","21,376"
Dec 2019,"644,068","110,432","66,314","44,675","2,026","12,102","879,617","41,429","17,857","59,286",184,"22,437","22,621","81,907","49,778","46,850","14,074","60,924","40,139","26,175"
Jan 2020,"729,033","68,067","52,121","39,908","1,132","14,334","904,595","45,268","20,361","65,629",418,"24,243","24,661","90,290","54,685","26,094","11,085","37,179","33,969","18,152"
Feb 2020,"600,966","74,470","46,088","35,184",321,"9,495","766,524","36,869","20,049","56,919",600,"21,593","22,193","79,112","47,181","27,966","11,579","39,545","27,775","18,313"
Mar 2020,"714,039","95,029","80,941","45,036",535,"15,344","950,924","40,522","21,450","61,972",94,"20,771","20,865","82,837","50,023","35,876","15,221","51,097","50,783","30,158"
Apr 2020,"698,364","51,012","65,756","44,768","1,949","14,397","876,246","45,258","15,523","60,781",19,"29,236","29,255","90,036","55,944","20,565","7,502","28,067","46,141","19,615"
May 2020,"602,620","32,006","53,889","42,755",602,"16,786","748,658","37,741","12,955","50,696",64,"26,767","26,831","77,527","48,127","11,758","5,888","17,646","37,587","16,302"
Jun 2020,"598,809","39,442","49,376","34,380","1,013","10,764","733,784","36,936","16,164","53,100",11,"24,794","24,805","77,905","47,414","12,623","7,956","20,579","31,602","17,774"
Jul 2020,"688,311","58,149","59,653","27,227","1,808","13,236","848,384","46,471","17,528","63,999",72,"24,187","24,259","88,258","52,959","20,648","11,482","32,130","35,524","24,129"
Aug 2020,"648,850","75,283","54,419","43,550",266,"20,514","842,882","44,303","18,638","62,941",106,"23,621","23,727","86,668","51,429","30,601","9,383","39,964","32,766","21,653"
Sep 2020,"658,892","93,214","45,803","44,559","1,140","15,791","859,399","46,057","17,214","63,271",13,"28,296","28,309","91,580","54,966","33,317","14,134","47,451","22,786","23,017"
Oct 2020,"784,389","89,707","55,930","41,236","1,022","14,747","987,031","51,651","23,438","75,089","1,893","26,718","28,611","103,700","60,723","36,855","9,936","46,791","32,160","23,770"
Nov 2020,"714,401","91,570","58,669","44,531",793,"12,977","922,941","47,148","21,032","68,180",726,"24,780","25,506","93,686","55,799","34,317","13,842","48,159","31,989","26,680"
Dec 2020,"716,112","114,004","67,063","32,591","1,629","14,956","946,355","45,041","22,269","67,310",40,"22,891","22,931","90,241","53,057","47,275","12,518","59,793","41,232","25,831"
Jan 2021,"675,783","83,824","62,967","40,926",766,"14,987","879,253","43,576","19,904","63,480",5,"21,681","21,686","85,166","50,674","35,356","9,343","44,699","34,184","28,783"
Feb 2021,"629,125","55,141","45,822","74,611","1,542","7,890","815,458","38,565","19,564","58,129",40,"23,291","23,331","81,460","48,521","19,026","10,859","29,885","28,028","17,794"
Mar 2021,"665,053","110,787","97,146","90,390","1,155","19,298","986,870","38,938","21,736","60,674",109,"22,864","22,973","83,647","49,942","39,195","18,837","58,032","59,990","37,156"
Apr 2021,"713,205","65,657","85,405","59,258",121,"13,793","937,744","44,530","21,515","66,045",18,"19,078","19,096","85,141","50,895","23,502","11,170","34,672","56,172","29,233"
May 2021,"751,567","84,489","87,063","66,727",933,"18,797","1,012,719","46,049","24,651","70,700",58,"23,577","23,635","94,335","55,257","28,825","14,531","43,356","56,856","30,207"
Jun 2021,"719,866","72,934","75,806","64,428","1,565","19,179","953,778","46,319","21,186","67,505",50,"27,725","27,775","95,280","56,529","22,556","13,758","36,314","51,300","24,506"
Jul 2021,"594,746","74,718","70,898","92,575","1,767","18,458","853,162","37,626","19,304","56,930",186,"17,944","18,130","75,060","44,798","27,151","12,370","39,521","44,782","26,116"
Aug 2021,"716,296","76,586","80,294","60,769",698,"22,660","957,303","47,807","21,466","69,273",600,"27,074","27,674","96,947","57,509","25,598","13,990","39,588","53,031","27,263"
Sep 2021,"626,618","58,538","52,944","71,554","1,415","16,008","827,077","41,993","19,227","61,220",254,"20,842","21,096","82,316","48,644","19,071","10,714","29,785","33,436","19,508"
Oct 2021,"598,302","55,035","71,697","67,727","1,280","25,849","819,890","35,333","20,705","56,038",925,"17,963","18,888","74,926","44,635","17,256","10,511","27,767","48,822","22,875"
Nov 2021,"590,541","57,329","70,238","88,114",880,"15,542","822,644","36,154","19,694","55,848",507,"15,980","16,487","72,335","43,413","16,436","12,897","29,333","47,122","23,116"
Dec 2021,"746,541","87,640","82,706","54,107","1,367","24,675","997,036","49,438","22,102","71,540",296,"20,987","21,283","96,070","55,006","28,559","14,726","43,285","59,535","23,171"
Jan 2022,"565,597","66,146","70,943","52,221",745,"23,340","778,992","37,004","16,445","53,449",124,"19,204","19,328","72,777","43,855","27,047","6,400","33,447","48,283","22,660"
Feb 2022,"695,709","59,576","70,089","71,044","1,534","16,010","913,962","41,573","23,697","65,270",159,"20,472","20,631","85,901","50,600","20,215","10,921","31,136","45,135","24,955"
Mar 2022,"707,479","80,339","88,772","47,005","1,892","24,032","949,569","43,005","21,294","64,299",84,"23,462","23,546","87,845","52,327","28,407","11,209","39,616","62,985","25,787"
Apr 2022,"612,985","70,838","95,963","95,280","1,189","24,870","901,125","38,311","18,892","57,203",105,"18,143","18,248","75,451","44,205","20,943","10,489","31,432","61,852","34,111"
May 2022,"716,771","77,464","107,699","41,707","1,952","24,862","964,533","45,194","22,171","67,365",151,"24,687","24,838","92,203","54,405","24,434","16,129","40,563","75,452","32,247"
Jun 2022,"780,790","78,526","98,446","71,066",616,"20,575","1,050,019","51,610","21,665","73,275",104,"25,424","25,528","98,803","59,046","25,882","13,707","39,589","68,740","29,706"
Jul 2022,"733,981","62,726","95,838","66,560","1,758","21,004","981,867","50,052","19,269","69,321",66,"22,731","22,797","92,118","54,589","24,314","8,870","33,184","63,369","32,469"
Aug 2022,"731,143","74,433","87,514","110,999","1,182","22,689","1,027,960","49,444","19,296","68,740",62,"30,385","30,447","99,187","58,635","28,903","8,785","37,688","64,824","22,690"
